file,name,type1,type2
./sprites/0.png,None,,
./sprites/1.png,Bulbasaur,Grass,Poison
./sprites/2.png,Ivysaur,Grass,Poison
./sprites/3.png,Venusaur,Grass,Poison
./sprites/4.png,Charmander,Fire,
./sprites/5.png,Charmeleon,Fire,
./sprites/6.png,Charizard,Fire,Flying
./sprites/7.png,Squirtle,Water,
./sprites/8.png,Wartortle,Water,
./sprites/9.png,Blastoise,Water,
./sprites/10.png,Caterpie,Bug,
./sprites/11.png,Metapod,Bug,
./sprites/12.png,Butterfree,Bug,Flying
./sprites/13.png,Weedle,Bug,Poison
./sprites/14.png,Kakuna,Bug,Poison
./sprites/15.png,Beedrill,Bug,Poison
./sprites/16.png,Pidgey,Normal,Flying
./sprites/17.png,Pidgeotto,Normal,Flying
./sprites/18.png,Pidgeot,Normal,Flying
./sprites/19.png,Rattata,Normal,
./sprites/20.png,Raticate,Normal,
./sprites/21.png,Spearow,Normal,Flying
./sprites/22.png,Fearow,Normal,Flying
./sprites/23.png,Ekans,Poison,
./sprites/24.png,Arbok,Poison,
./sprites/25.png,Pikachu,Electric,
./sprites/26.png,Raichu,Electric,
./sprites/27.png,Sandshrew,Ground,
./sprites/28.png,Sandslash,Ground,
./sprites/29.png,Nidoran♀,Poison,
./sprites/30.png,Nidorina,Poison,
./sprites/31.png,Nidoqueen,Poison,Ground
./sprites/32.png,Nidoran♂,Poison,
./sprites/33.png,Nidorino,Poison,
./sprites/34.png,Nidoking,Poison,Ground
./sprites/35.png,Clefairy,Fairy,
./sprites/36.png,Clefable,Fairy,
./sprites/37.png,Vulpix,Fire,
./sprites/38.png,Ninetales,Fire,
./sprites/39.png,Jigglypuff,Normal,Fairy
./sprites/40.png,Wigglytuff,Normal,Fairy
./sprites/41.png,Zubat,Poison,Flying
./sprites/42.png,Golbat,Poison,Flying
./sprites/43.png,Oddish,Grass,Poison
./sprites/44.png,Gloom,Grass,Poison
./sprites/45.png,Vileplume,Grass,Poison
./sprites/46.png,Paras,Bug,Grass
./sprites/47.png,Parasect,Bug,Grass
./sprites/48.png,Venonat,Bug,Poison
./sprites/49.png,Venomoth,Bug,Poison
./sprites/50.png,Diglett,Ground,
./sprites/51.png,Dugtrio,Ground,
./sprites/52.png,Meowth,Normal,
./sprites/53.png,Persian,Normal,
./sprites/54.png,Psyduck,Water,
./sprites/55.png,Golduck,Water,
./sprites/56.png,Mankey,Fighting,
./sprites/57.png,Primeape,Fighting,
./sprites/58.png,Growlithe,Fire,
./sprites/59.png,Arcanine,Fire,
./sprites/60.png,Poliwag,Water,
./sprites/61.png,Poliwhirl,Water,
./sprites/62.png,Poliwrath,Water,Fighting
./sprites/63.png,Abra,Psychic,
./sprites/64.png,Kadabra,Psychic,
./sprites/65.png,Alakazam,Psychic,
./sprites/66.png,Machop,Fighting,
./sprites/67.png,Machoke,Fighting,
./sprites/68.png,Machamp,Fighting,
./sprites/69.png,Bellsprout,Grass,Poison
./sprites/70.png,Weepinbell,Grass,Poison
./sprites/71.png,Victreebel,Grass,Poison
./sprites/72.png,Tentacool,Water,Poison
./sprites/73.png,Tentacruel,Water,Poison
./sprites/74.png,Geodude,Rock,Ground
./sprites/75.png,Graveler,Rock,Ground
./sprites/76.png,Golem,Rock,Ground
./sprites/77.png,Ponyta,Fire,
./sprites/78.png,Rapidash,Fire,
./sprites/79.png,Slowpoke,Water,Psychic
./sprites/80.png,Slowbro,Water,Psychic
./sprites/81.png,Magnemite,Electric,Steel
./sprites/82.png,Magneton,Electric,Steel
./sprites/83.png,Farfetch'd,Normal,Flying
./sprites/84.png,Doduo,Normal,Flying
./sprites/85.png,Dodrio,Normal,Flying
./sprites/86.png,Seel,Water,
./sprites/87.png,Dewgong,Water,Ice
./sprites/88.png,Grimer,Poison,
./sprites/89.png,Muk,Poison,
./sprites/90.png,Shellder,Water,
./sprites/91.png,Cloyster,Water,Ice
./sprites/92.png,Gastly,Ghost,Poison
./sprites/93.png,Haunter,Ghost,Poison
./sprites/94.png,Gengar,Ghost,Poison
./sprites/95.png,Onix,Rock,Ground
./sprites/96.png,Drowzee,Psychic,
./sprites/97.png,Hypno,Psychic,
./sprites/98.png,Krabby,Water,
./sprites/99.png,Kingler,Water,
./sprites/100.png,Voltorb,Electric,
./sprites/101.png,Electrode,Electric,
./sprites/102.png,Exeggcute,Grass,Psychic
./sprites/103.png,Exeggutor,Grass,Psychic
./sprites/104.png,Cubone,Ground,
./sprites/105.png,Marowak,Ground,
./sprites/106.png,Hitmonlee,Fighting,
./sprites/107.png,Hitmonchan,Fighting,
./sprites/108.png,Lickitung,Normal,
./sprites/109.png,Koffing,Poison,
./sprites/110.png,Weezing,Poison,
./sprites/111.png,Rhyhorn,Ground,Rock
./sprites/112.png,Rhydon,Ground,Rock
./sprites/113.png,Chansey,Normal,
./sprites/114.png,Tangela,Grass,
./sprites/115.png,Kangaskhan,Normal,
./sprites/116.png,Horsea,Water,
./sprites/117.png,Seadra,Water,
./sprites/118.png,Goldeen,Water,
./sprites/119.png,Seaking,Water,
./sprites/120.png,Staryu,Water,
./sprites/121.png,Starmie,Water,Psychic
./sprites/122.png,Mr. Mime,Psychic,Fairy
./sprites/123.png,Scyther,Bug,Flying
./sprites/124.png,Jynx,Ice,Psychic
./sprites/125.png,Electabuzz,Electric,
./sprites/126.png,Magmar,Fire,
./sprites/127.png,Pinsir,Bug,
./sprites/128.png,Tauros,Normal,
./sprites/129.png,Magikarp,Water,
./sprites/130.png,Gyarados,Water,Flying
./sprites/131.png,Lapras,Water,Ice
./sprites/132.png,Ditto,Normal,
./sprites/133.png,Eevee,Normal,
./sprites/134.png,Vaporeon,Water,
./sprites/135.png,Jolteon,Electric,
./sprites/136.png,Flareon,Fire,
./sprites/137.png,Porygon,Normal,
./sprites/138.png,Omanyte,Rock,Water
./sprites/139.png,Omastar,Rock,Water
./sprites/140.png,Kabuto,Rock,Water
./sprites/141.png,Kabutops,Rock,Water
./sprites/142.png,Aerodactyl,Rock,Flying
./sprites/143.png,Snorlax,Normal,
./sprites/144.png,Articuno,Ice,Flying
./sprites/145.png,Zapdos,Electric,Flying
./sprites/146.png,Moltres,Fire,Flying
./sprites/147.png,Dratini,Dragon,
./sprites/148.png,Dragonair,Dragon,
./sprites/149.png,Dragonite,Dragon,Flying
./sprites/150.png,Mewtwo,Psychic,
./sprites/151.png,Mew,Psychic,
./sprites/152.png,Chikorita,Grass,
./sprites/153.png,Bayleef,Grass,
./sprites/154.png,Meganium,Grass,
./sprites/155.png,Cyndaquil,Fire,
./sprites/156.png,Quilava,Fire,
./sprites/157.png,Typhlosion,Fire,
./sprites/158.png,Totodile,Water,
./sprites/159.png,Croconaw,Water,
./sprites/160.png,Feraligatr,Water,
./sprites/161.png,Sentret,Normal,
./sprites/162.png,Furret,Normal,
./sprites/163.png,Hoothoot,Normal,Flying
./sprites/164.png,Noctowl,Normal,Flying
./sprites/165.png,Ledyba,Bug,Flying
./sprites/166.png,Ledian,Bug,Flying
./sprites/167.png,Spinarak,Bug,Poison
./sprites/168.png,Ariados,Bug,Poison
./sprites/169.png,Crobat,Poison,Flying
./sprites/170.png,Chinchou,Water,Electric
./sprites/171.png,Lanturn,Water,Electric
./sprites/172.png,Pichu,Electric,
./sprites/173.png,Cleffa,Fairy,
./sprites/174.png,Igglybuff,Normal,Fairy
./sprites/175.png,Togepi,Fairy,
./sprites/176.png,Togetic,Fairy,Flying
./sprites/177.png,Natu,Psychic,Flying
./sprites/178.png,Xatu,Psychic,Flying
./sprites/179.png,Mareep,Electric,
./sprites/180.png,Flaaffy,Electric,
./sprites/181.png,Ampharos,Electric,
./sprites/182.png,Bellossom,Grass,
./sprites/183.png,Marill,Water,Fairy
./sprites/184.png,Azumarill,Water,Fairy
./sprites/185.png,Sudowoodo,Rock,
./sprites/186.png,Politoed,Water,
./sprites/187.png,Hoppip,Grass,Flying
./sprites/188.png,Skiploom,Grass,Flying
./sprites/189.png,Jumpluff,Grass,Flying
./sprites/190.png,Aipom,Normal,
./sprites/191.png,Sunkern,Grass,
./sprites/192.png,Sunflora,Grass,
./sprites/193.png,Yanma,Bug,Flying
./sprites/194.png,Wooper,Water,Ground
./sprites/195.png,Quagsire,Water,Ground
./sprites/196.png,Espeon,Psychic,
./sprites/197.png,Umbreon,Dark,
./sprites/198.png,Murkrow,Dark,Flying
./sprites/199.png,Slowking,Water,Psychic
./sprites/200.png,Misdreavus,Ghost,
./sprites/201.png,Unown,Psychic,
./sprites/202.png,Wobbuffet,Psychic,
./sprites/203.png,Girafarig,Normal,Psychic
./sprites/204.png,Pineco,Bug,
./sprites/205.png,Forretress,Bug,Steel
./sprites/206.png,Dunsparce,Normal,
./sprites/207.png,Gligar,Ground,Flying
./sprites/208.png,Steelix,Steel,Ground
./sprites/209.png,Snubbull,Fairy,
./sprites/210.png,Granbull,Fairy,
./sprites/211.png,Qwilfish,Water,Poison
./sprites/212.png,Scizor,Bug,Steel
./sprites/213.png,Shuckle,Bug,Rock
./sprites/214.png,Heracross,Bug,Fighting
./sprites/215.png,Sneasel,Dark,Ice
./sprites/216.png,Teddiursa,Normal,
./sprites/217.png,Ursaring,Normal,
./sprites/218.png,Slugma,Fire,
./sprites/219.png,Magcargo,Fire,Rock
./sprites/220.png,Swinub,Ice,Ground
./sprites/221.png,Piloswine,Ice,Ground
./sprites/222.png,Corsola,Water,Rock
./sprites/223.png,Remoraid,Water,
./sprites/224.png,Octillery,Water,
./sprites/225.png,Delibird,Ice,Flying
./sprites/226.png,Mantine,Water,Flying
./sprites/227.png,Skarmory,Steel,Flying
./sprites/228.png,Houndour,Dark,Fire
./sprites/229.png,Houndoom,Dark,Fire
./sprites/230.png,Kingdra,Water,Dragon
./sprites/231.png,Phanpy,Ground,
./sprites/232.png,Donphan,Ground,
./sprites/233.png,Porygon2,Normal,
./sprites/234.png,Stantler,Normal,
./sprites/235.png,Smeargle,Normal,
./sprites/236.png,Tyrogue,Fighting,
./sprites/237.png,Hitmontop,Fighting,
./sprites/238.png,Smoochum,Ice,Psychic
./sprites/239.png,Elekid,Electric,
./sprites/240.png,Magby,Fire,
./sprites/241.png,Miltank,Normal,
./sprites/242.png,Blissey,Normal,
./sprites/243.png,Raikou,Electric,
./sprites/244.png,Entei,Fire,
./sprites/245.png,Suicune,Water,
./sprites/246.png,Larvitar,Rock,Ground
./sprites/247.png,Pupitar,Rock,Ground
./sprites/248.png,Tyranitar,Rock,Dark
./sprites/249.png,Lugia,Psychic,Flying
./sprites/250.png,Ho-oh,Fire,Flying
./sprites/251.png,Celebi,Psychic,Grass
./sprites/252.png,Treecko,Grass,
./sprites/253.png,Grovyle,Grass,
./sprites/254.png,Sceptile,Grass,
./sprites/255.png,Torchic,Fire,
./sprites/256.png,Combusken,Fire,Fighting
./sprites/257.png,Blaziken,Fire,Fighting
./sprites/258.png,Mudkip,Water,
./sprites/259.png,Marshtomp,Water,Ground
./sprites/260.png,Swampert,Water,Ground
./sprites/261.png,Poochyena,Dark,
./sprites/262.png,Mightyena,Dark,
./sprites/263.png,Zigzagoon,Normal,
./sprites/264.png,Linoone,Normal,
./sprites/265.png,Wurmple,Bug,
./sprites/266.png,Silcoon,Bug,
./sprites/267.png,Beautifly,Bug,Flying
./sprites/268.png,Cascoon,Bug,
./sprites/269.png,Dustox,Bug,Poison
./sprites/270.png,Lotad,Water,Grass
./sprites/271.png,Lombre,Water,Grass
./sprites/272.png,Ludicolo,Water,Grass
./sprites/273.png,Seedot,Grass,
./sprites/274.png,Nuzleaf,Grass,Dark
./sprites/275.png,Shiftry,Grass,Dark
./sprites/276.png,Taillow,Normal,Flying
./sprites/277.png,Swellow,Normal,Flying
./sprites/278.png,Wingull,Water,Flying
./sprites/279.png,Pelipper,Water,Flying
./sprites/280.png,Ralts,Psychic,Fairy
./sprites/281.png,Kirlia,Psychic,Fairy
./sprites/282.png,Gardevoir,Psychic,Fairy
./sprites/283.png,Surskit,Bug,Water
./sprites/284.png,Masquerain,Bug,Flying
./sprites/285.png,Shroomish,Grass,
./sprites/286.png,Breloom,Grass,Fighting
./sprites/287.png,Slakoth,Normal,
./sprites/288.png,Vigoroth,Normal,
./sprites/289.png,Slaking,Normal,
./sprites/290.png,Nincada,Bug,Ground
./sprites/291.png,Ninjask,Bug,Flying
./sprites/292.png,Shedinja,Bug,Ghost
./sprites/293.png,Whismur,Normal,
./sprites/294.png,Loudred,Normal,
./sprites/295.png,Exploud,Normal,
./sprites/296.png,Makuhita,Fighting,
./sprites/297.png,Hariyama,Fighting,
./sprites/298.png,Azurill,Normal,Fairy
./sprites/299.png,Nosepass,Rock,
./sprites/300.png,Skitty,Normal,
./sprites/301.png,Delcatty,Normal,
./sprites/302.png,Sableye,Dark,Ghost
./sprites/303.png,Mawile,Steel,Fairy
./sprites/304.png,Aron,Steel,Rock
./sprites/305.png,Lairon,Steel,Rock
./sprites/306.png,Aggron,Steel,Rock
./sprites/307.png,Meditite,Fighting,Psychic
./sprites/308.png,Medicham,Fighting,Psychic
./sprites/309.png,Electrike,Electric,
./sprites/310.png,Manectric,Electric,
./sprites/311.png,Plusle,Electric,
./sprites/312.png,Minun,Electric,
./sprites/313.png,Volbeat,Bug,
./sprites/314.png,Illumise,Bug,
./sprites/315.png,Roselia,Grass,Poison
./sprites/316.png,Gulpin,Poison,
./sprites/317.png,Swalot,Poison,
./sprites/318.png,Carvanha,Water,Dark
./sprites/319.png,Sharpedo,Water,Dark
./sprites/320.png,Wailmer,Water,
./sprites/321.png,Wailord,Water,
./sprites/322.png,Numel,Fire,Ground
./sprites/323.png,Camerupt,Fire,Ground
./sprites/324.png,Torkoal,Fire,
./sprites/325.png,Spoink,Psychic,
./sprites/326.png,Grumpig,Psychic,
./sprites/327.png,Spinda,Normal,
./sprites/328.png,Trapinch,Ground,
./sprites/329.png,Vibrava,Ground,Dragon
./sprites/330.png,Flygon,Ground,Dragon
./sprites/331.png,Cacnea,Grass,
./sprites/332.png,Cacturne,Grass,Dark
./sprites/333.png,Swablu,Normal,Flying
./sprites/334.png,Altaria,Dragon,Flying
./sprites/335.png,Zangoose,Normal,
./sprites/336.png,Seviper,Poison,
./sprites/337.png,Lunatone,Rock,Psychic
./sprites/338.png,Solrock,Rock,Psychic
./sprites/339.png,Barboach,Water,Ground
./sprites/340.png,Whiscash,Water,Ground
./sprites/341.png,Corphish,Water,
./sprites/342.png,Crawdaunt,Water,Dark
./sprites/343.png,Baltoy,Ground,Psychic
./sprites/344.png,Claydol,Ground,Psychic
./sprites/345.png,Lileep,Rock,Grass
./sprites/346.png,Cradily,Rock,Grass
./sprites/347.png,Anorith,Rock,Bug
./sprites/348.png,Armaldo,Rock,Bug
./sprites/349.png,Feebas,Water,
./sprites/350.png,Milotic,Water,
./sprites/351.png,Castform,Normal,
./sprites/352.png,Kecleon,Normal,
./sprites/353.png,Shuppet,Ghost,
./sprites/354.png,Banette,Ghost,
./sprites/355.png,Duskull,Ghost,
./sprites/356.png,Dusclops,Ghost,
./sprites/357.png,Tropius,Grass,Flying
./sprites/358.png,Chimecho,Psychic,
./sprites/359.png,Absol,Dark,
./sprites/360.png,Wynaut,Psychic,
./sprites/361.png,Snorunt,Ice,
./sprites/362.png,Glalie,Ice,
./sprites/363.png,Spheal,Ice,Water
./sprites/364.png,Sealeo,Ice,Water
./sprites/365.png,Walrein,Ice,Water
./sprites/366.png,Clamperl,Water,
./sprites/367.png,Huntail,Water,
./sprites/368.png,Gorebyss,Water,
./sprites/369.png,Relicanth,Water,Rock
./sprites/370.png,Luvdisc,Water,
./sprites/371.png,Bagon,Dragon,
./sprites/372.png,Shelgon,Dragon,
./sprites/373.png,Salamence,Dragon,Flying
./sprites/374.png,Beldum,Steel,Psychic
./sprites/375.png,Metang,Steel,Psychic
./sprites/376.png,Metagross,Steel,Psychic
./sprites/377.png,Regirock,Rock,
./sprites/378.png,Regice,Ice,
./sprites/379.png,Registeel,Steel,
./sprites/380.png,Latias,Dragon,Psychic
./sprites/381.png,Latios,Dragon,Psychic
./sprites/382.png,Kyogre,Water,
./sprites/383.png,Groudon,Ground,
./sprites/384.png,Rayquaza,Dragon,Flying
./sprites/385.png,Jirachi,Steel,Psychic
./sprites/386.png,Deoxys,Psychic,
./sprites/387.png,Turtwig,Grass,
./sprites/388.png,Grotle,Grass,
./sprites/389.png,Torterra,Grass,Ground
./sprites/390.png,Chimchar,Fire,
./sprites/391.png,Monferno,Fire,Fighting
./sprites/392.png,Infernape,Fire,Fighting
./sprites/393.png,Piplup,Water,
./sprites/394.png,Prinplup,Water,
./sprites/395.png,Empoleon,Water,Steel
./sprites/396.png,Starly,Normal,Flying
./sprites/397.png,Staravia,Normal,Flying
./sprites/398.png,Staraptor,Normal,Flying
./sprites/399.png,Bidoof,Normal,
./sprites/400.png,Bibarel,Normal,Water
./sprites/401.png,Kricketot,Bug,
./sprites/402.png,Kricketune,Bug,
./sprites/403.png,Shinx,Electric,
./sprites/404.png,Luxio,Electric,
./sprites/405.png,Luxray,Electric,
./sprites/406.png,Budew,Grass,Poison
./sprites/407.png,Roserade,Grass,Poison
./sprites/408.png,Cranidos,Rock,
./sprites/409.png,Rampardos,Rock,
./sprites/410.png,Shieldon,Rock,Steel
./sprites/411.png,Bastiodon,Rock,Steel
./sprites/412.png,Burmy,Bug,
./sprites/413.png,Wormadam,Bug,Grass
./sprites/414.png,Mothim,Bug,Flying
./sprites/415.png,Combee,Bug,Flying
./sprites/416.png,Vespiquen,Bug,Flying
./sprites/417.png,Pachirisu,Electric,
./sprites/418.png,Buizel,Water,
./sprites/419.png,Floatzel,Water,
./sprites/420.png,Cherubi,Grass,
./sprites/421.png,Cherrim,Grass,
./sprites/422.png,Shellos,Water,
./sprites/423.png,Gastrodon,Water,Ground
./sprites/424.png,Ambipom,Normal,
./sprites/425.png,Drifloon,Ghost,Flying
./sprites/426.png,Drifblim,Ghost,Flying
./sprites/427.png,Buneary,Normal,
./sprites/428.png,Lopunny,Normal,
./sprites/429.png,Mismagius,Ghost,
./sprites/430.png,Honchkrow,Dark,Flying
./sprites/431.png,Glameow,Normal,
./sprites/432.png,Purugly,Normal,
./sprites/433.png,Chingling,Psychic,
./sprites/434.png,Stunky,Poison,Dark
./sprites/435.png,Skuntank,Poison,Dark
./sprites/436.png,Bronzor,Steel,Psychic
./sprites/437.png,Bronzong,Steel,Psychic
./sprites/438.png,Bonsly,Rock,
./sprites/439.png,Mime Jr.,Psychic,Fairy
./sprites/440.png,Happiny,Normal,
./sprites/441.png,Chatot,Normal,Flying
./sprites/442.png,Spiritomb,Ghost,Dark
./sprites/443.png,Gible,Dragon,Ground
./sprites/444.png,Gabite,Dragon,Ground
./sprites/445.png,Garchomp,Dragon,Ground
./sprites/446.png,Munchlax,Normal,
./sprites/447.png,Riolu,Fighting,
./sprites/448.png,Lucario,Fighting,Steel
./sprites/449.png,Hippopotas,Ground,
./sprites/450.png,Hippowdon,Ground,
./sprites/451.png,Skorupi,Poison,Bug
./sprites/452.png,Drapion,Poison,Dark
./sprites/453.png,Croagunk,Poison,Fighting
./sprites/454.png,Toxicroak,Poison,Fighting
./sprites/455.png,Carnivine,Grass,
./sprites/456.png,Finneon,Water,
./sprites/457.png,Lumineon,Water,
./sprites/458.png,Mantyke,Water,Flying
./sprites/459.png,Snover,Grass,Ice
./sprites/460.png,Abomasnow,Grass,Ice
./sprites/461.png,Weavile,Dark,Ice
./sprites/462.png,Magnezone,Electric,Steel
./sprites/463.png,Lickilicky,Normal,
./sprites/464.png,Rhyperior,Ground,Rock
./sprites/465.png,Tangrowth,Grass,
./sprites/466.png,Electivire,Electric,
./sprites/467.png,Magmortar,Fire,
./sprites/468.png,Togekiss,Fairy,Flying
./sprites/469.png,Yanmega,Bug,Flying
./sprites/470.png,Leafeon,Grass,
./sprites/471.png,Glaceon,Ice,
./sprites/472.png,Gliscor,Ground,Flying
./sprites/473.png,Mamoswine,Ice,Ground
./sprites/474.png,Porygon-Z,Normal,
./sprites/475.png,Gallade,Psychic,Fighting
./sprites/476.png,Probopass,Rock,Steel
./sprites/477.png,Dusknoir,Ghost,
./sprites/478.png,Froslass,Ice,Ghost
./sprites/479.png,Rotom,Electric,Ghost
./sprites/480.png,Uxie,Psychic,
./sprites/481.png,Mesprit,Psychic,
./sprites/482.png,Azelf,Psychic,
./sprites/483.png,Dialga,Steel,Dragon
./sprites/484.png,Palkia,Water,Dragon
./sprites/485.png,Heatran,Fire,Steel
./sprites/486.png,Regigigas,Normal,
./sprites/487.png,Giratina,Ghost,Dragon
./sprites/488.png,Cresselia,Psychic,
./sprites/489.png,Phione,Water,
./sprites/490.png,Manaphy,Water,
./sprites/491.png,Darkrai,Dark,
./sprites/492.png,Shaymin,Grass,
./sprites/493.png,Arceus,Normal,
./sprites/494.png,Victini,Psychic,Fire
./sprites/495.png,Snivy,Grass,
./sprites/496.png,Servine,Grass,
./sprites/497.png,Serperior,Grass,
./sprites/498.png,Tepig,Fire,
./sprites/499.png,Pignite,Fire,Fighting
./sprites/500.png,Emboar,Fire,Fighting
./sprites/501.png,Oshawott,Water,
./sprites/502.png,Dewott,Water,
./sprites/503.png,Samurott,Water,
./sprites/504.png,Patrat,Normal,
./sprites/505.png,Watchog,Normal,
./sprites/506.png,Lillipup,Normal,
./sprites/507.png,Herdier,Normal,
./sprites/508.png,Stoutland,Normal,
./sprites/509.png,Purrloin,Dark,
./sprites/510.png,Liepard,Dark,
./sprites/511.png,Pansage,Grass,
./sprites/512.png,Simisage,Grass,
./sprites/513.png,Pansear,Fire,
./sprites/514.png,Simisear,Fire,
./sprites/515.png,Panpour,Water,
./sprites/516.png,Simipour,Water,
./sprites/517.png,Munna,Psychic,
./sprites/518.png,Musharna,Psychic,
./sprites/519.png,Pidove,Normal,Flying
./sprites/520.png,Tranquill,Normal,Flying
./sprites/521.png,Unfezant,Normal,Flying
./sprites/522.png,Blitzle,Electric,
./sprites/523.png,Zebstrika,Electric,
./sprites/524.png,Roggenrola,Rock,
./sprites/525.png,Boldore,Rock,
./sprites/526.png,Gigalith,Rock,
./sprites/527.png,Woobat,Psychic,Flying
./sprites/528.png,Swoobat,Psychic,Flying
./sprites/529.png,Drilbur,Ground,
./sprites/530.png,Excadrill,Ground,Steel
./sprites/531.png,Audino,Normal,
./sprites/532.png,Timburr,Fighting,
./sprites/533.png,Gurdurr,Fighting,
./sprites/534.png,Conkeldurr,Fighting,
./sprites/535.png,Tympole,Water,
./sprites/536.png,Palpitoad,Water,Ground
./sprites/537.png,Seismitoad,Water,Ground
./sprites/538.png,Throh,Fighting,
./sprites/539.png,Sawk,Fighting,
./sprites/540.png,Sewaddle,Bug,Grass
./sprites/541.png,Swadloon,Bug,Grass
./sprites/542.png,Leavanny,Bug,Grass
./sprites/543.png,Venipede,Bug,Poison
./sprites/544.png,Whirlipede,Bug,Poison
./sprites/545.png,Scolipede,Bug,Poison
./sprites/546.png,Cottonee,Grass,Fairy
./sprites/547.png,Whimsicott,Grass,Fairy
./sprites/548.png,Petilil,Grass,
./sprites/549.png,Lilligant,Grass,
./sprites/550.png,Basculin,Water,
./sprites/551.png,Sandile,Ground,Dark
./sprites/552.png,Krokorok,Ground,Dark
./sprites/553.png,Krookodile,Ground,Dark
./sprites/554.png,Darumaka,Fire,
./sprites/555.png,Darmanitan,Fire,
./sprites/556.png,Maractus,Grass,
./sprites/557.png,Dwebble,Bug,Rock
./sprites/558.png,Crustle,Bug,Rock
./sprites/559.png,Scraggy,Dark,Fighting
./sprites/560.png,Scrafty,Dark,Fighting
./sprites/561.png,Sigilyph,Psychic,Flying
./sprites/562.png,Yamask,Ghost,
./sprites/563.png,Cofagrigus,Ghost,
./sprites/564.png,Tirtouga,Water,Rock
./sprites/565.png,Carracosta,Water,Rock
./sprites/566.png,Archen,Rock,Flying
./sprites/567.png,Archeops,Rock,Flying
./sprites/568.png,Trubbish,Poison,
./sprites/569.png,Garbodor,Poison,
./sprites/570.png,Zorua,Dark,
./sprites/571.png,Zoroark,Dark,
./sprites/572.png,Minccino,Normal,
./sprites/573.png,Cinccino,Normal,
./sprites/574.png,Gothita,Psychic,
./sprites/575.png,Gothorita,Psychic,
./sprites/576.png,Gothitelle,Psychic,
./sprites/577.png,Solosis,Psychic,
./sprites/578.png,Duosion,Psychic,
./sprites/579.png,Reuniclus,Psychic,
./sprites/580.png,Ducklett,Water,Flying
./sprites/581.png,Swanna,Water,Flying
./sprites/582.png,Vanillite,Ice,
./sprites/583.png,Vanillish,Ice,
./sprites/584.png,Vanilluxe,Ice,
./sprites/585.png,Deerling,Normal,Grass
./sprites/586.png,Sawsbuck,Normal,Grass
./sprites/587.png,Emolga,Electric,Flying
./sprites/588.png,Karrablast,Bug,
./sprites/589.png,Escavalier,Bug,Steel
./sprites/590.png,Foongus,Grass,Poison
./sprites/591.png,Amoonguss,Grass,Poison
./sprites/592.png,Frillish,Water,Ghost
./sprites/593.png,Jellicent,Water,Ghost
./sprites/594.png,Alomomola,Water,
./sprites/595.png,Joltik,Bug,Electric
./sprites/596.png,Galvantula,Bug,Electric
./sprites/597.png,Ferroseed,Grass,Steel
./sprites/598.png,Ferrothorn,Grass,Steel
./sprites/599.png,Klink,Steel,
./sprites/600.png,Klang,Steel,
./sprites/601.png,Klinklang,Steel,
./sprites/602.png,Tynamo,Electric,
./sprites/603.png,Eelektrik,Electric,
./sprites/604.png,Eelektross,Electric,
./sprites/605.png,Elgyem,Psychic,
./sprites/606.png,Beheeyem,Psychic,
./sprites/607.png,Litwick,Ghost,Fire
./sprites/608.png,Lampent,Ghost,Fire
./sprites/609.png,Chandelure,Ghost,Fire
./sprites/610.png,Axew,Dragon,
./sprites/611.png,Fraxure,Dragon,
./sprites/612.png,Haxorus,Dragon,
./sprites/613.png,Cubchoo,Ice,
./sprites/614.png,Beartic,Ice,
./sprites/615.png,Cryogonal,Ice,
./sprites/616.png,Shelmet,Bug,
./sprites/617.png,Accelgor,Bug,
./sprites/618.png,Stunfisk,Ground,Electric
./sprites/619.png,Mienfoo,Fighting,
./sprites/620.png,Mienshao,Fighting,
./sprites/621.png,Druddigon,Dragon,
./sprites/622.png,Golett,Ground,Ghost
./sprites/623.png,Golurk,Ground,Ghost
./sprites/624.png,Pawniard,Dark,Steel
./sprites/625.png,Bisharp,Dark,Steel
./sprites/626.png,Bouffalant,Normal,
./sprites/627.png,Rufflet,Normal,Flying
./sprites/628.png,Braviary,Normal,Flying
./sprites/629.png,Vullaby,Dark,Flying
./sprites/630.png,Mandibuzz,Dark,Flying
./sprites/631.png,Heatmor,Fire,
./sprites/632.png,Durant,Bug,Steel
./sprites/633.png,Deino,Dark,Dragon
./sprites/634.png,Zweilous,Dark,Dragon
./sprites/635.png,Hydreigon,Dark,Dragon
./sprites/636.png,Larvesta,Bug,Fire
./sprites/637.png,Volcarona,Bug,Fire
./sprites/638.png,Cobalion,Steel,Fighting
./sprites/639.png,Terrakion,Rock,Fighting
./sprites/640.png,Virizion,Grass,Fighting
./sprites/641.png,Tornadus,Flying,
./sprites/642.png,Thundurus,Electric,Flying
./sprites/643.png,Reshiram,Dragon,Fire
./sprites/644.png,Zekrom,Dragon,Electric
./sprites/645.png,Landorus,Ground,Flying
./sprites/646.png,Kyurem,Dragon,Ice
./sprites/647.png,Keldeo,Water,Fighting
./sprites/648.png,Meloetta,Normal,Psychic
./sprites/649.png,Genesect,Bug,Steel
./sprites/650.png,Chespin,Grass,
./sprites/651.png,Quilladin,Grass,
./sprites/652.png,Chesnaught,Grass,Fighting
./sprites/653.png,Fennekin,Fire,
./sprites/654.png,Braixen,Fire,
./sprites/655.png,Delphox,Fire,Psychic
./sprites/656.png,Froakie,Water,
./sprites/657.png,Frogadier,Water,
./sprites/658.png,Greninja,Water,Dark
./sprites/659.png,Bunnelby,Normal,
./sprites/660.png,Diggersby,Normal,Ground
./sprites/661.png,Fletchling,Normal,Flying
./sprites/662.png,Fletchinder,Fire,Flying
./sprites/663.png,Talonflame,Fire,Flying
./sprites/664.png,Scatterbug,Bug,
./sprites/665.png,Spewpa,Bug,
./sprites/666.png,Vivillon,Bug,Flying
./sprites/667.png,Litleo,Fire,Normal
./sprites/668.png,Pyroar,Fire,Normal
./sprites/669.png,Flabébé,Fairy,
./sprites/670.png,Floette,Fairy,
./sprites/671.png,Florges,Fairy,
./sprites/672.png,Skiddo,Grass,
./sprites/673.png,Gogoat,Grass,
./sprites/674.png,Pancham,Fighting,
./sprites/675.png,Pangoro,Fighting,Dark
./sprites/676.png,Furfrou,Normal,
./sprites/677.png,Espurr,Psychic,
./sprites/678.png,Meowstic,Psychic,
./sprites/679.png,Honedge,Steel,Ghost
./sprites/680.png,Doublade,Steel,Ghost
./sprites/681.png,Aegislash,Steel,Ghost
./sprites/682.png,Spritzee,Fairy,
./sprites/683.png,Aromatisse,Fairy,
./sprites/684.png,Swirlix,Fairy,
./sprites/685.png,Slurpuff,Fairy,
./sprites/686.png,Inkay,Dark,Psychic
./sprites/687.png,Malamar,Dark,Psychic
./sprites/688.png,Binacle,Rock,Water
./sprites/689.png,Barbaracle,Rock,Water
./sprites/690.png,Skrelp,Poison,Water
./sprites/691.png,Dragalge,Poison,Dragon
./sprites/692.png,Clauncher,Water,
./sprites/693.png,Clawitzer,Water,
./sprites/694.png,Helioptile,Electric,Normal
./sprites/695.png,Heliolisk,Electric,Normal
./sprites/696.png,Tyrunt,Rock,Dragon
./sprites/697.png,Tyrantrum,Rock,Dragon
./sprites/698.png,Amaura,Rock,Ice
./sprites/699.png,Aurorus,Rock,Ice
./sprites/700.png,Sylveon,Fairy,
./sprites/701.png,Hawlucha,Fighting,Flying
./sprites/702.png,Dedenne,Electric,Fairy
./sprites/703.png,Carbink,Rock,Fairy
./sprites/704.png,Goomy,Dragon,
./sprites/705.png,Sliggoo,Dragon,
./sprites/706.png,Goodra,Dragon,
./sprites/707.png,Klefki,Steel,Fairy
./sprites/708.png,Phantump,Ghost,Grass
./sprites/709.png,Trevenant,Ghost,Grass
./sprites/710.png,Pumpkaboo,Ghost,Grass
./sprites/711.png,Gourgeist,Ghost,Grass
./sprites/712.png,Bergmite,Ice,
./sprites/713.png,Avalugg,Ice,
./sprites/714.png,Noibat,Flying,Dragon
./sprites/715.png,Noivern,Flying,Dragon
./sprites/716.png,Xerneas,Fairy,
./sprites/717.png,Yveltal,Dark,Flying
./sprites/718.png,Zygarde,Dragon,Ground
./sprites/719.png,Diancie,Rock,Fairy
./sprites/720.png,Hoopa,Psychic,Ghost
./sprites/721.png,Volcanion,Fire,Water
./sprites/722.png,Rowlet,Grass,Flying
./sprites/723.png,Dartrix,Grass,Flying
./sprites/724.png,Decidueye,Grass,Ghost
./sprites/725.png,Litten,Fire,
./sprites/726.png,Torracat,Fire,
./sprites/727.png,Incineroar,Fire,Dark
./sprites/728.png,Popplio,Water,
./sprites/729.png,Brionne,Water,
./sprites/730.png,Primarina,Water,Fairy
./sprites/731.png,Pikipek,Normal,Flying
./sprites/732.png,Trumbeak,Normal,Flying
./sprites/733.png,Toucannon,Normal,Flying
./sprites/734.png,Yungoos,Normal,
./sprites/735.png,Gumshoos,Normal,
./sprites/736.png,Grubbin,Bug,
./sprites/737.png,Charjabug,Bug,Electric
./sprites/738.png,Vikavolt,Bug,Electric
./sprites/739.png,Crabrawler,Fighting,
./sprites/740.png,Crabominable,Fighting,Ice
./sprites/741.png,Oricorio,Fire,Flying
./sprites/742.png,Cutiefly,Bug,Fairy
./sprites/743.png,Ribombee,Bug,Fairy
./sprites/744.png,Rockruff,Rock,
./sprites/745.png,Lycanroc,Rock,
./sprites/746.png,Wishiwashi,Water,
./sprites/747.png,Mareanie,Poison,Water
./sprites/748.png,Toxapex,Poison,Water
./sprites/749.png,Mudbray,Ground,
./sprites/750.png,Mudsdale,Ground,
./sprites/751.png,Dewpider,Water,Bug
./sprites/752.png,Araquanid,Water,Bug
./sprites/753.png,Fomantis,Grass,
./sprites/754.png,Lurantis,Grass,
./sprites/755.png,Morelull,Grass,Fairy
./sprites/756.png,Shiinotic,Grass,Fairy
./sprites/757.png,Salandit,Poison,Fire
./sprites/758.png,Salazzle,Poison,Fire
./sprites/759.png,Stufful,Normal,Fighting
./sprites/760.png,Bewear,Normal,Fighting
./sprites/761.png,Bounsweet,Grass,
./sprites/762.png,Steenee,Grass,
./sprites/763.png,Tsareena,Grass,
./sprites/764.png,Comfey,Fairy,
./sprites/765.png,Oranguru,Normal,Psychic
./sprites/766.png,Passimian,Fighting,
./sprites/767.png,Wimpod,Bug,Water
./sprites/768.png,Golisopod,Bug,Water
./sprites/769.png,Sandygast,Ghost,Ground
./sprites/770.png,Palossand,Ghost,Ground
./sprites/771.png,Pyukumuku,Water,
./sprites/772.png,Type: Null,Normal,
./sprites/773.png,Silvally,Normal,
./sprites/774.png,Minior,Rock,Flying
./sprites/775.png,Komala,Normal,
./sprites/776.png,Turtonator,Fire,Dragon
./sprites/777.png,Togedemaru,Electric,Steel
./sprites/778.png,Mimikyu,Ghost,Fairy
./sprites/779.png,Bruxish,Water,Psychic
./sprites/780.png,Drampa,Normal,Dragon
./sprites/781.png,Dhelmise,Ghost,Grass
./sprites/782.png,Jangmo-o,Dragon,
./sprites/783.png,Hakamo-o,Dragon,Fighting
./sprites/784.png,Kommo-o,Dragon,Fighting
./sprites/785.png,Tapu Koko,Electric,Fairy
./sprites/786.png,Tapu Lele,Psychic,Fairy
./sprites/787.png,Tapu Bulu,Grass,Fairy
./sprites/788.png,Tapu Fini,Water,Fairy
./sprites/789.png,Cosmog,Psychic,
./sprites/790.png,Cosmoem,Psychic,
./sprites/791.png,Solgaleo,Psychic,Steel
./sprites/792.png,Lunala,Psychic,Ghost
./sprites/793.png,Nihilego,Rock,Poison
./sprites/794.png,Buzzwole,Bug,Fighting
./sprites/795.png,Pheromosa,Bug,Fighting
./sprites/796.png,Xurkitree,Electric,
./sprites/797.png,Celesteela,Steel,Flying
./sprites/798.png,Kartana,Grass,Steel
./sprites/799.png,Guzzlord,Dark,Dragon
./sprites/800.png,Necrozma,Psychic,
./sprites/801.png,Magearna,Steel,Fairy
./sprites/802.png,Marshadow,Fighting,Ghost
./sprites/803.png,Poipole,Poison,
./sprites/804.png,Naganadel,Poison,Dragon
./sprites/805.png,Stakataka,Rock,Steel
./sprites/806.png,Blacephalon,Fire,Ghost
./sprites/807.png,Zeraora,Electric,
./sprites/808.png,Meltan,Steel,
./sprites/809.png,Melmetal,Steel,
./sprites/810.png,Grookey,Grass,
./sprites/811.png,Thwackey,Grass,
./sprites/812.png,Rillaboom,Grass,
./sprites/813.png,Scorbunny,Fire,
./sprites/814.png,Raboot,Fire,
./sprites/815.png,Cinderace,Fire,
./sprites/816.png,Sobble,Water,
./sprites/817.png,Drizzile,Water,
./sprites/818.png,Inteleon,Water,
./sprites/819.png,Skwovet,Normal,
./sprites/820.png,Greedent,Normal,
./sprites/821.png,Rookidee,Flying,
./sprites/822.png,Corvisquire,Flying,
./sprites/823.png,Corviknight,Flying,Steel
./sprites/824.png,Blipbug,Bug,
./sprites/825.png,Dottler,Bug,Psychic
./sprites/826.png,Orbeetle,Bug,Psychic
./sprites/827.png,Nickit,Dark,
./sprites/828.png,Thievul,Dark,
./sprites/829.png,Gossifleur,Grass,
./sprites/830.png,Eldegoss,Grass,
./sprites/831.png,Wooloo,Normal,
./sprites/832.png,Dubwool,Normal,
./sprites/833.png,Chewtle,Water,
./sprites/834.png,Drednaw,Water,Rock
./sprites/835.png,Yamper,Electric,
./sprites/836.png,Boltund,Electric,
./sprites/837.png,Rolycoly,Rock,
./sprites/838.png,Carkol,Rock,Fire
./sprites/839.png,Coalossal,Rock,Fire
./sprites/840.png,Applin,Grass,Dragon
./sprites/841.png,Flapple,Grass,Dragon
./sprites/842.png,Appletun,Grass,Dragon
./sprites/843.png,Silicobra,Ground,
./sprites/844.png,Sandaconda,Ground,
./sprites/845.png,Cramorant,Flying,Water
./sprites/846.png,Arrokuda,Water,
./sprites/847.png,Barraskewda,Water,
./sprites/848.png,Toxel,Electric,Poison
./sprites/849.png,Toxtricity,Electric,Poison
./sprites/850.png,Sizzlipede,Fire,Bug
./sprites/851.png,Centiskorch,Fire,Bug
./sprites/852.png,Clobbopus,Fighting,
./sprites/853.png,Grapploct,Fighting,
./sprites/854.png,Sinistea,Ghost,
./sprites/855.png,Polteageist,Ghost,
./sprites/856.png,Hatenna,Psychic,
./sprites/857.png,Hattrem,Psychic,
./sprites/858.png,Hatterene,Psychic,Fairy
./sprites/859.png,Impidimp,Dark,Fairy
./sprites/860.png,Morgrem,Dark,Fairy
./sprites/861.png,Grimmsnarl,Dark,Fairy
./sprites/862.png,Obstagoon,Dark,Normal
./sprites/863.png,Perrserker,Steel,
./sprites/864.png,Cursola,Ghost,
./sprites/865.png,Sirfetch'd,Fighting,
./sprites/866.png,Mr. Rime,Ice,Psychic
./sprites/867.png,Runerigus,Ground,Ghost
./sprites/868.png,Milcery,Fairy,
./sprites/869.png,Alcremie,Fairy,
./sprites/870.png,Falinks,Fighting,
./sprites/871.png,Pincurchin,Electric,
./sprites/872.png,Snom,Ice,Bug
./sprites/873.png,Frosmoth,Ice,Bug
./sprites/874.png,Stonjourner,Rock,
./sprites/875.png,Eiscue,Ice,
./sprites/876.png,Indeedee,Psychic,Normal
./sprites/877.png,Morpeko,Electric,Dark
./sprites/878.png,Cufant,Steel,
./sprites/879.png,Copperajah,Steel,
./sprites/880.png,Dracozolt,Electric,Dragon
./sprites/881.png,Arctozolt,Electric,Ice
./sprites/882.png,Dracovish,Water,Dragon
./sprites/883.png,Arctovish,Water,Ice
./sprites/884.png,Duraludon,Steel,Dragon
./sprites/885.png,Dreepy,Dragon,Ghost
./sprites/886.png,Drakloak,Dragon,Ghost
./sprites/887.png,Dragapult,Dragon,Ghost
./sprites/888.png,Zacian,Fairy,
./sprites/889.png,Zamazenta,Fighting,
./sprites/890.png,Eternatus,Poison,Dragon
./sprites/891.png,Kubfu,Fighting,
./sprites/892.png,Urshifu,Fighting,Dark
./sprites/893.png,Zarude,Dark,Grass
./sprites/894.png,Regieleki,Electric,
./sprites/895.png,Regidrago,Dragon,
./sprites/896.png,Glastrier,Ice,
./sprites/897.png,Spectrier,Ghost,
./sprites/898.png,Calyrex,Psychic,Grass
./sprites/899.png,Wyrdeer,Normal,Psychic
./sprites/900.png,Kleavor,Bug,Rock
./sprites/901.png,Ursaluna,Ground,Normal
./sprites/902.png,Basculegion,Water,Ghost
./sprites/903.png,Sneasler,Fighting,Poison
./sprites/904.png,Overqwil,Dark,Poison
./sprites/905.png,Enamorus,Fairy,Flying
./sprites/906.png,Sprigatito,Grass,
./sprites/907.png,Floragato,Grass,
./sprites/908.png,Meowscarada,Grass,Dark
./sprites/909.png,Fuecoco,Fire,
./sprites/910.png,Crocalor,Fire,
./sprites/911.png,Skeledirge,Fire,Ghost
./sprites/912.png,Quaxly,Water,
./sprites/913.png,Quaxwell,Water,
./sprites/914.png,Quaquaval,Water,Fighting
./sprites/915.png,Lechonk,Normal,
./sprites/916.png,Oinkologne,Normal,
./sprites/917.png,Tarountula,Bug,
./sprites/918.png,Spidops,Bug,
./sprites/919.png,Nymble,Bug,
./sprites/920.png,Lokix,Bug,Dark
./sprites/921.png,Pawmi,Electric,
./sprites/922.png,Pawmo,Electric,Fighting
./sprites/923.png,Pawmot,Electric,Fighting
./sprites/924.png,Tandemaus,Normal,
./sprites/925.png,Maushold,Normal,
./sprites/926.png,Fidough,Fairy,
./sprites/927.png,Dachsbun,Fairy,
./sprites/928.png,Smoliv,Grass,Normal
./sprites/929.png,Dolliv,Grass,Normal
./sprites/930.png,Arboliva,Grass,Normal
./sprites/931.png,Squawkabilly,Normal,Flying
./sprites/932.png,Nacli,Rock,
./sprites/933.png,Naclstack,Rock,
./sprites/934.png,Garganacl,Rock,
./sprites/935.png,Charcadet,Fire,
./sprites/936.png,Armarouge,Fire,Psychic
./sprites/937.png,Ceruledge,Fire,Ghost
./sprites/938.png,Tadbulb,Electric,
./sprites/939.png,Bellibolt,Electric,
./sprites/940.png,Wattrel,Electric,Flying
./sprites/941.png,Kilowattrel,Electric,Flying
./sprites/942.png,Maschiff,Dark,
./sprites/943.png,Mabosstiff,Dark,
./sprites/944.png,Shroodle,Poison,Normal
./sprites/945.png,Grafaiai,Poison,Normal
./sprites/946.png,Bramblin,Grass,Ghost
./sprites/947.png,Brambleghast,Grass,Ghost
./sprites/948.png,Toedscool,Ground,Grass
./sprites/949.png,Toedscruel,Ground,Grass
./sprites/950.png,Klawf,Rock,
./sprites/951.png,Capsakid,Grass,
./sprites/952.png,Scovillain,Grass,Fire
./sprites/953.png,Rellor,Bug,
./sprites/954.png,Rabsca,Bug,Psychic
./sprites/955.png,Flittle,Psychic,
./sprites/956.png,Espathra,Psychic,
./sprites/957.png,Tinkatink,Fairy,Steel
./sprites/958.png,Tinkatuff,Fairy,Steel
./sprites/959.png,Tinkaton,Fairy,Steel
./sprites/960.png,Wiglett,Water,
./sprites/961.png,Wugtrio,Water,
./sprites/962.png,Bombirdier,Flying,Dark
./sprites/963.png,Finizen,Water,
./sprites/964.png,Palafin,Water,
./sprites/965.png,Varoom,Steel,Poison
./sprites/966.png,Revavroom,Steel,Poison
./sprites/967.png,Cyclizar,Dragon,Normal
./sprites/968.png,Orthworm,Steel,
./sprites/969.png,Glimmet,Rock,Poison
./sprites/970.png,Glimmora,Rock,Poison
./sprites/971.png,Greavard,Ghost,
./sprites/972.png,Houndstone,Ghost,
./sprites/973.png,Flamigo,Flying,Fighting
./sprites/974.png,Cetoddle,Ice,
./sprites/975.png,Cetitan,Ice,
./sprites/976.png,Veluza,Water,Psychic
./sprites/977.png,Dondozo,Water,
./sprites/978.png,Tatsugiri,Dragon,Water
./sprites/979.png,Annihilape,Fighting,Ghost
./sprites/980.png,Clodsire,Poison,Ground
./sprites/981.png,Farigiraf,Normal,Psychic
./sprites/982.png,Dudunsparce,Normal,
./sprites/983.png,Kingambit,Dark,Steel
./sprites/984.png,Great Tusk,Ground,Fighting
./sprites/985.png,Scream Tail,Fairy,Psychic
./sprites/986.png,Brute Bonnet,Grass,Dark
./sprites/987.png,Flutter Mane,Ghost,Fairy
./sprites/988.png,Slither Wing,Bug,Fighting
./sprites/989.png,Sandy Shocks,Electric,Ground
./sprites/990.png,Iron Treads,Ground,Steel
./sprites/991.png,Iron Bundle,Ice,Water
./sprites/992.png,Iron Hands,Fighting,Electric
./sprites/993.png,Iron Jugulis,Dark,Flying
./sprites/994.png,Iron Moth,Fire,Poison
./sprites/995.png,Iron Thorns,Rock,Electric
./sprites/996.png,Frigibax,Dragon,Ice
./sprites/997.png,Arctibax,Dragon,Ice
./sprites/998.png,Baxcalibur,Dragon,Ice
./sprites/999.png,Gimmighoul,Ghost,
./sprites/1000.png,Gholdengo,Steel,Ghost
./sprites/1001.png,Wo-Chien,Dark,Grass
./sprites/1002.png,Chien-Pao,Dark,Ice
./sprites/1003.png,Ting-Lu,Dark,Ground
./sprites/1004.png,Chi-Yu,Dark,Fire
./sprites/1005.png,Roaring Moon,Dragon,Dark
./sprites/1006.png,Iron Valiant,Fairy,Fighting
./sprites/1007.png,Koraidon,Fighting,Dragon
./sprites/1008.png,Miraidon,Electric,Dragon
./sprites/1009.png,Walking Wake,Water,Dragon
./sprites/1010.png,Iron Leaves,Grass,Psychic